date,rank,song,artist,last.week,peak.rank,weeks.on.board
1/30/2021,1,Drivers License,Olivia Rodrigo,1,1,2
1/30/2021,2,34+35,Ariana Grande,11,2,12
1/30/2021,3,Mood,24kGoldn Featuring iann dior,2,1,24
1/30/2021,4,Blinding Lights,The Weeknd,4,1,59
1/30/2021,5,Positions,Ariana Grande,3,1,13
1/30/2021,6,Levitating,Dua Lipa Featuring DaBaby,6,6,16
1/30/2021,7,Go Crazy,Chris Brown & Young Thug,5,5,37
1/30/2021,8,Holy,Justin Bieber Featuring Chance The Rapper,7,3,18
1/30/2021,9,Bang!,AJR,8,8,29
1/30/2021,10,Good Days,SZA,10,10,4
1/23/2021,1,Drivers License,Olivia Rodrigo,NA,1,1
1/23/2021,2,Mood,24kGoldn Featuring iann dior,1,1,23
1/23/2021,3,Positions,Ariana Grande,2,1,12
1/23/2021,4,Blinding Lights,The Weeknd,3,1,58
1/23/2021,5,Go Crazy,Chris Brown & Young Thug,5,5,36
1/23/2021,6,Levitating,Dua Lipa Featuring DaBaby,7,6,15
1/23/2021,7,Holy,Justin Bieber Featuring Chance The Rapper,4,3,17
1/23/2021,8,Bang!,AJR,9,8,28
1/23/2021,9,Wasted On You,Morgan Wallen,NA,9,1
1/23/2021,10,Good Days,SZA,23,10,3
1/16/2021,1,Mood,24kGoldn Featuring iann dior,1,1,22
1/16/2021,2,Positions,Ariana Grande,2,1,11
1/16/2021,3,Blinding Lights,The Weeknd,3,1,57
1/16/2021,4,Holy,Justin Bieber Featuring Chance The Rapper,4,3,16
1/16/2021,5,Go Crazy,Chris Brown & Young Thug,6,5,35
1/16/2021,6,Anyone,Justin Bieber,NA,6,1
1/16/2021,7,Levitating,Dua Lipa Featuring DaBaby,10,7,14
1/16/2021,8,Laugh Now Cry Later,Drake Featuring Lil Durk,7,2,21
1/16/2021,9,Bang!,AJR,11,9,27
1/16/2021,10,I Hope,Gabby Barrett Featuring Charlie Puth,8,3,54
1/9/2021,1,Mood,24kGoldn Featuring iann dior,7,1,21
1/9/2021,2,Positions,Ariana Grande,14,1,10
1/9/2021,3,Blinding Lights,The Weeknd,NA,1,56
1/9/2021,4,Holy,Justin Bieber Featuring Chance The Rapper,21,3,15
1/9/2021,5,Dynamite,BTS,44,1,19
1/9/2021,6,Go Crazy,Chris Brown & Young Thug,24,6,34
1/9/2021,7,Laugh Now Cry Later,Drake Featuring Lil Durk,25,2,20
1/9/2021,8,I Hope,Gabby Barrett Featuring Charlie Puth,30,3,53
1/9/2021,9,All I Want For Christmas Is You,Mariah Carey,1,1,44
1/9/2021,10,Levitating,Dua Lipa Featuring DaBaby,27,10,13
1/2/2021,1,All I Want For Christmas Is You,Mariah Carey,2,1,43
1/2/2021,2,Rockin' Around The Christmas Tree,Brenda Lee,3,2,38
1/2/2021,3,Jingle Bell Rock,Bobby Helms,4,3,35
1/2/2021,4,A Holly Jolly Christmas,Burl Ives,6,4,19
1/2/2021,5,It's The Most Wonderful Time Of The Year,Andy Williams,7,5,20
1/2/2021,6,Feliz Navidad,Jose Feliciano,10,6,14
1/2/2021,7,Mood,24kGoldn Featuring iann dior,5,1,20
1/2/2021,8,"Let It Snow, Let It Snow, Let It Snow",Dean Martin,11,8,13
1/2/2021,9,Last Christmas,Wham!,14,9,19
1/2/2021,10,Run Rudolph Run,Chuck Berry,29,10,8
